Feature 1,Feature 2,Cluster
-7.338988090691514,-7.729953962740739,2
-7.740040556435223,-7.264665137505772,2
-1.686652710949561,7.793442478227301,0
4.422197633000881,3.071946535927922,1
